{"cameraMode":{"drawMode":0,"name":"Shaded","section":"Shading Mode"},"sceneLighting":false,"audioPlay":false,"sceneViewState":{"m_AlwaysRefresh":false,"showFog":true,"showSkybox":false,"showFlares":true,"showImageEffects":true,"showParticleSystems":true,"showVisualEffectGraphs":true,"m_FxEnabled":true},"in2DMode":false,"pivot":{"x":74.97271728515625,"y":-63.791839599609378,"z":122.31678771972656},"rotation":{"x":0.41632840037345889,"y":0.04225388169288635,"z":-0.019373446702957155,"w":0.9080271124839783},"size":96.40303039550781,"orthographic":false}