{"cameraMode":{"drawMode":0,"name":"Shaded","section":"Shading Mode"},"sceneLighting":true,"audioPlay":false,"sceneViewState":{"m_AlwaysRefresh":false,"showFog":true,"showSkybox":false,"showFlares":true,"showImageEffects":true,"showParticleSystems":true,"showVisualEffectGraphs":true,"m_FxEnabled":true},"in2DMode":false,"pivot":{"x":-190.27999877929688,"y":-627.3163452148438,"z":215.30271911621095},"rotation":{"x":0.623978853225708,"y":0.011218063533306122,"z":-0.009074830450117588,"w":0.7814623713493347},"size":532.2588500976563,"orthographic":false}